{
    "baselineGridVisible": true,
    "baselineGridCellSize": 8,
    "keylines": [
        { "offset": 30,
          "from": "LEFT" },
        { "offset": 72,
          "from": "LEFT" },
        { "offset": 16,
          "from": "RIGHT" },
        { "offset": 72,
          "from": "TOP" }
    ],
    "spacings": [
        { "offset": 0,
          "size": 16,
          "from": "LEFT" },
        { "offset": 56,
          "size": 16,
          "from": "LEFT" },
        { "offset": 0,
          "size": 16,
          "from": "RIGHT" }
    ]
}